timestamp,zone_id,zone_agv_count,zone_density,avg_zone_speed,task_arrival_rate,path_overlap_score,avg_zone_wait_time,task_to_agv_ratio,speed_drop_factor,spatial_conflict_index,agv_density_pressure,wait_time_pressure,congestion_pressure_score,label
2025-01-01 00:00:00,Z1,10,0.96,0.51,1.78,1.0,12.95,0.178,1.96078431372549,10.0,9.6,23.051,7.121756862745098,2
2025-01-01 00:00:00,Z2,9,0.94,0.7,1.4,0.94,12.2,0.1555555555555555,1.4285714285714286,8.459999999999999,8.459999999999999,17.08,5.839603174603174,2
2025-01-01 00:00:00,Z3,10,1.0,0.58,1.76,1.0,13.79,0.176,1.7241379310344829,10.0,10.0,24.2704,7.315867586206896,2
2025-01-01 00:00:00,Z4,10,0.96,0.55,1.67,1.0,13.22,0.1669999999999999,1.818181818181818,10.0,9.6,22.0774,6.993126363636364,2
2025-01-01 00:00:05,Z1,6,0.61,1.19,1.03,0.68,7.65,0.1716666666666666,0.8403361344537815,4.08,3.66,7.8795,2.708933893557423,2
2025-01-01 00:00:05,Z2,10,1.0,0.54,1.52,1.0,12.05,0.152,1.851851851851852,10.0,10.0,18.316000000000003,6.73997037037037,2
2025-01-01 00:00:05,Z3,5,0.5,1.23,0.85,0.65,6.44,0.1699999999999999,0.8130081300813008,3.25,2.5,5.474,1.99000162601626,2
2025-01-01 00:00:05,Z4,5,0.51,1.34,0.97,0.55,6.93,0.194,0.7462686567164178,2.75,2.55,6.722099999999999,2.0474637313432837,2
2025-01-01 00:00:10,Z1,0,0.01,1.95,0.29,0.08,1.73,0.29,0.5128205128205129,0.0,0.0,0.5016999999999999,0.2252341025641026,0
2025-01-01 00:00:10,Z2,10,1.0,0.4,1.72,1.0,12.61,0.172,2.5,10.0,10.0,21.6892,7.21192,2
2025-01-01 00:00:10,Z3,8,0.78,0.82,1.47,0.84,9.94,0.18375,1.2195121951219512,6.72,6.24,14.6118,4.63101993902439,2
2025-01-01 00:00:10,Z4,4,0.37,1.41,0.64,0.58,6.46,0.16,0.7092198581560284,2.32,1.48,4.1344,1.3872839716312058,0
2025-01-01 00:00:15,Z1,9,0.91,0.66,1.38,1.0,11.47,0.1533333333333333,1.5151515151515151,9.0,8.19,15.8286,5.731223636363636,2
2025-01-01 00:00:15,Z2,4,0.45,1.34,0.82,0.53,5.79,0.205,0.7462686567164178,2.12,1.8,4.7478,1.5332837313432837,1
2025-01-01 00:00:15,Z3,6,0.56,1.13,1.06,0.66,7.98,0.1766666666666666,0.8849557522123894,3.96,3.3600000000000003,8.4588,2.6690378171091447,2
2025-01-01 00:00:15,Z4,3,0.33,1.59,0.59,0.45,5.3,0.1966666666666666,0.6289308176100629,1.35,0.99,3.127,0.9871528301886792,0
2025-01-01 00:00:20,Z1,0,-0.04,2.07,0.29,0.11,1.29,0.29,0.4830917874396135,0.0,-0.0,0.3741,0.2065283574879227,0
2025-01-01 00:00:20,Z2,7,0.66,0.99,1.08,0.81,9.45,0.1542857142857143,1.0101010101010102,5.67,4.62,10.206,3.49769163059163,2
2025-01-01 00:00:20,Z3,1,0.07,1.85,0.32,0.25,2.89,0.32,0.5405405405405405,0.25,0.07,0.9248,0.3390881081081081,0
2025-01-01 00:00:20,Z4,1,0.06,1.77,0.36,0.22,1.36,0.36,0.5649717514124294,0.22,0.06,0.4896,0.3029543502824858,0
2025-01-01 00:00:25,Z1,2,0.2,1.65,0.55,0.32,4.17,0.275,0.6060606060606061,0.64,0.4,2.2935000000000003,0.6353121212121212,0
2025-01-01 00:00:25,Z2,3,0.35,1.61,0.72,0.3,4.39,0.24,0.6211180124223602,0.8999999999999999,1.0499999999999998,3.1608,0.950303602484472,0
2025-01-01 00:00:25,Z3,8,0.82,0.78,1.43,0.81,9.86,0.17875,1.282051282051282,6.48,6.56,14.099799999999998,4.651077756410256,2
2025-01-01 00:00:25,Z4,10,0.98,0.48,1.71,1.0,12.67,0.1709999999999999,2.083333333333333,10.0,9.8,21.6657,7.065986666666666,2
2025-01-01 00:00:30,Z1,10,0.95,0.56,1.74,1.0,13.67,0.174,1.7857142857142856,10.0,9.5,23.7858,7.129222857142857,2
2025-01-01 00:00:30,Z2,3,0.31,1.56,0.45,0.42,4.04,0.15,0.641025641025641,1.26,0.93,1.818,0.8155051282051282,0
2025-01-01 00:00:30,Z3,8,0.78,0.82,1.29,0.96,10.28,0.16125,1.2195121951219512,7.68,6.24,13.2612,4.63433493902439,2
2025-01-01 00:00:30,Z4,8,0.76,0.74,1.39,0.83,10.04,0.17375,1.351351351351351,6.64,6.08,13.9556,4.52926777027027,2
2025-01-01 00:00:35,Z1,3,0.27,1.48,0.73,0.49,4.41,0.2433333333333333,0.6756756756756757,1.47,0.81,3.2193,0.9813984684684686,0
2025-01-01 00:00:35,Z2,8,0.75,0.74,1.44,0.97,10.03,0.18,1.351351351351351,7.76,6.0,14.4432,4.72359027027027,2
2025-01-01 00:00:35,Z3,9,0.86,0.58,1.62,0.98,10.9,0.18,1.7241379310344829,8.82,7.74,17.658,5.800627586206897,2
2025-01-01 00:00:35,Z4,1,0.08,1.88,0.26,0.13,2.63,0.26,0.5319148936170213,0.13,0.08,0.6838,0.2832629787234042,0
2025-01-01 00:00:40,Z1,5,0.51,1.16,0.86,0.54,6.28,0.172,0.8620689655172414,2.7,2.55,5.4008,1.925493793103448,1
2025-01-01 00:00:40,Z2,0,0.05,2.06,0.3,0.11,0.85,0.3,0.4854368932038835,0.0,0.0,0.255,0.1975873786407767,0
2025-01-01 00:00:40,Z3,1,0.05,1.8,0.18,0.3,2.89,0.18,0.5555555555555556,0.3,0.05,0.5202,0.2681311111111111,0
2025-01-01 00:00:40,Z4,1,0.08,1.75,0.43,0.11,2.28,0.43,0.5714285714285714,0.11,0.08,0.9804,0.3603257142857143,0
2025-01-01 00:00:45,Z1,4,0.4,1.38,0.76,0.49,4.88,0.19,0.7246376811594204,1.96,1.6,3.7088,1.3373075362318845,1
2025-01-01 00:00:45,Z2,0,-0.04,1.99,0.01,0.09,0.93,0.01,0.5025125628140703,0.0,-0.0,0.0093,0.103932512562814,0
2025-01-01 00:00:45,Z3,5,0.53,1.25,0.76,0.54,6.64,0.152,0.8,2.7,2.6500000000000004,5.0464,1.9026400000000003,1
2025-01-01 00:00:45,Z4,10,1.0,0.54,1.7,1.0,12.66,0.1699999999999999,1.851851851851852,10.0,10.0,21.522,7.065070370370371,2
2025-01-01 00:00:50,Z1,6,0.64,1.08,1.06,0.75,8.81,0.1766666666666666,0.9259259259259258,4.5,3.84,9.3386,2.990211851851852,2
2025-01-01 00:00:50,Z2,4,0.37,1.34,0.61,0.52,4.92,0.1525,0.7462686567164178,2.08,1.48,3.0012,1.2434987313432837,1
2025-01-01 00:00:50,Z3,3,0.26,1.56,0.6,0.34,4.88,0.1999999999999999,0.641025641025641,1.02,0.78,2.928,0.8580051282051282,0
2025-01-01 00:00:50,Z4,0,-0.02,1.94,0.17,0.2,1.48,0.17,0.5154639175257733,0.0,-0.0,0.2516,0.1707527835051546,0
2025-01-01 00:00:55,Z1,2,0.23,1.69,0.58,0.21,3.45,0.29,0.591715976331361,0.42,0.46,2.001,0.5919431952662721,0
2025-01-01 00:00:55,Z2,8,0.8,0.87,1.27,0.87,11.24,0.15875,1.1494252873563218,6.96,6.4,14.2748,4.6610525574712645,2
2025-01-01 00:00:55,Z3,6,0.59,1.1,0.91,0.78,8.71,0.1516666666666666,0.9090909090909092,4.68,3.54,7.926100000000001,2.7763448484848485,2
2025-01-01 00:00:55,Z4,0,-0.05,2.08,0.3,0.04,0.69,0.3,0.4807692307692307,0.0,-0.0,0.207,0.1918538461538461,0
2025-01-01 00:01:00,Z1,7,0.74,0.93,1.1,0.88,10.04,0.1571428571428571,1.075268817204301,6.16,5.18,11.044,3.8367394777265744,2
2025-01-01 00:01:00,Z2,8,0.77,0.83,1.29,0.98,10.28,0.16125,1.2048192771084338,7.84,6.16,13.2612,4.631396355421687,2
2025-01-01 00:01:00,Z3,8,0.85,0.81,1.38,0.89,11.02,0.1725,1.2345679012345678,7.12,6.8,15.207599999999998,4.918798580246913,2
2025-01-01 00:01:00,Z4,1,0.1,1.78,0.38,0.2,2.51,0.38,0.5617977528089888,0.2,0.1,0.9538,0.3627395505617977,0
2025-01-01 00:01:05,Z1,1,0.11,1.79,0.43,0.23,1.89,0.43,0.5586592178770949,0.23,0.11,0.8127,0.368001843575419,0
2025-01-01 00:01:05,Z2,3,0.3,1.5,0.74,0.39,4.94,0.2466666666666666,0.6666666666666666,1.17,0.8999999999999999,3.6556,1.00606,0
2025-01-01 00:01:05,Z3,0,0.05,2.06,0.14,0.01,0.5,0.14,0.4854368932038835,0.0,0.0,0.07,0.1390873786407767,0
2025-01-01 00:01:05,Z4,9,0.93,0.6,1.46,1.0,12.78,0.1622222222222222,1.6666666666666667,9.0,8.370000000000001,18.6588,6.100768888888889,2
2025-01-01 00:01:10,Z1,6,0.57,1.15,1.12,0.67,8.12,0.1866666666666666,0.8695652173913044,4.0200000000000005,3.42,9.0944,2.759019710144928,2
2025-01-01 00:01:10,Z2,9,0.85,0.64,1.37,0.96,12.08,0.1522222222222222,1.5625,8.64,7.649999999999999,16.5496,5.596515555555556,2
2025-01-01 00:01:10,Z3,0,0.03,2.01,0.11,0.07,0.93,0.11,0.4975124378109453,0.0,0.0,0.1023,0.137232487562189,0
2025-01-01 00:01:10,Z4,4,0.43,1.4,0.71,0.43,6.32,0.1775,0.7142857142857143,1.72,1.72,4.4872,1.409952142857143,1
2025-01-01 00:01:15,Z1,1,0.12,1.79,0.27,0.15,2.38,0.27,0.5586592178770949,0.15,0.12,0.6426000000000001,0.301991843575419,0
2025-01-01 00:01:15,Z2,2,0.21,1.72,0.49,0.29,3.38,0.245,0.5813953488372093,0.58,0.42,1.6562,0.5561490697674418,0
2025-01-01 00:01:15,Z3,10,1.0,0.52,1.68,1.0,12.25,0.1679999999999999,1.923076923076923,10.0,10.0,20.58,6.984615384615385,2
2025-01-01 00:01:15,Z4,0,0.04,2.05,0.23,0.14,1.91,0.23,0.4878048780487805,0.0,0.0,0.4393,0.1989909756097561,0
2025-01-01 00:01:20,Z1,1,0.13,1.86,0.27,0.28,1.9,0.27,0.5376344086021505,0.28,0.13,0.513,0.3073268817204301,0
2025-01-01 00:01:20,Z2,3,0.28,1.47,0.63,0.41,4.46,0.21,0.6802721088435374,1.23,0.8400000000000001,2.8098,0.9060344217687076,0
2025-01-01 00:01:20,Z3,6,0.63,1.13,1.15,0.69,7.82,0.1916666666666666,0.8849557522123894,4.14,3.78,8.993,2.879207817109145,2
2025-01-01 00:01:20,Z4,10,1.0,0.53,1.72,1.0,12.64,0.172,1.8867924528301885,10.0,10.0,21.7408,7.094438490566038,2
2025-01-01 00:01:25,Z1,1,0.06,1.9,0.35,0.21,2.23,0.35,0.5263157894736842,0.21,0.06,0.7805,0.3203131578947368,0
2025-01-01 00:01:25,Z2,4,0.39,1.34,0.76,0.48,5.92,0.19,0.7462686567164178,1.92,1.56,4.4992,1.4026737313432835,1
2025-01-01 00:01:25,Z3,10,1.0,0.57,1.75,1.0,13.84,0.175,1.7543859649122808,10.0,10.0,24.22,7.316627192982457,2
2025-01-01 00:01:25,Z4,1,0.15,1.84,0.4,0.23,2.48,0.4,0.5434782608695652,0.23,0.15,0.992,0.3873956521739131,0
2025-01-01 00:01:30,Z1,9,0.92,0.61,1.49,1.0,12.05,0.1655555555555555,1.639344262295082,9.0,8.280000000000001,17.9545,5.998707741347905,2
2025-01-01 00:01:30,Z2,4,0.37,1.32,0.68,0.58,5.76,0.17,0.7575757575757576,2.32,1.48,3.9168,1.3776951515151517,0
2025-01-01 00:01:30,Z3,2,0.22,1.69,0.58,0.37,3.96,0.29,0.591715976331361,0.74,0.44,2.2968,0.6635231952662721,0
2025-01-01 00:01:30,Z4,5,0.53,1.33,0.84,0.65,7.14,0.1679999999999999,0.7518796992481203,3.25,2.6500000000000004,5.997599999999999,2.074635939849624,2
2025-01-01 00:01:35,Z1,5,0.5,1.35,0.79,0.68,7.18,0.158,0.7407407407407407,3.4000000000000004,2.5,5.6722,2.014868148148148,2
2025-01-01 00:01:35,Z2,6,0.61,1.0,0.97,0.7,8.34,0.1616666666666666,1.0,4.199999999999999,3.66,8.0898,2.7773966666666667,2
2025-01-01 00:01:35,Z3,10,1.0,0.43,1.7,1.0,12.24,0.1699999999999999,2.3255813953488373,10.0,10.0,20.808,7.088416279069767,2
2025-01-01 00:01:35,Z4,10,1.0,0.59,1.58,1.0,13.35,0.158,1.6949152542372885,10.0,10.0,21.093,6.987783050847457,2
2025-01-01 00:01:40,Z1,9,0.88,0.75,1.59,1.0,12.24,0.1766666666666666,1.3333333333333333,9.0,7.92,19.4616,5.982993333333333,2
2025-01-01 00:01:40,Z2,4,0.38,1.33,0.66,0.57,5.11,0.165,0.7518796992481203,2.28,1.52,3.3726000000000003,1.326885939849624,0
2025-01-01 00:01:40,Z3,2,0.23,1.67,0.53,0.37,3.23,0.265,0.5988023952095809,0.74,0.46,1.7119,0.6062004790419162,0
2025-01-01 00:01:40,Z4,7,0.7,0.98,1.11,0.78,9.02,0.1585714285714285,1.020408163265306,5.46,4.9,10.0122,3.533944489795918,2
2025-01-01 00:01:45,Z1,1,0.13,1.85,0.16,0.24,1.42,0.16,0.5405405405405405,0.24,0.13,0.2271999999999999,0.2458281081081081,0
2025-01-01 00:01:45,Z2,0,-0.04,2.04,0.27,0.14,0.4,0.27,0.4901960784313725,0.0,-0.0,0.108,0.1763392156862745,0
2025-01-01 00:01:45,Z3,10,1.0,0.45,1.6,1.0,13.12,0.16,2.2222222222222223,10.0,10.0,20.992,7.083644444444445,2
2025-01-01 00:01:45,Z4,2,0.25,1.78,0.3,0.3,3.23,0.15,0.5617977528089888,0.6,0.5,0.969,0.4867595505617977,0
2025-01-01 00:01:50,Z1,1,0.12,1.92,0.35,0.13,2.69,0.35,0.5208333333333334,0.13,0.12,0.9415,0.3413166666666666,0
2025-01-01 00:01:50,Z2,5,0.46,1.23,0.93,0.66,6.88,0.186,0.8130081300813008,3.3000000000000003,2.3000000000000003,6.3984000000000005,2.03394162601626,2
2025-01-01 00:01:50,Z3,2,0.15,1.76,0.42,0.24,4.3,0.21,0.5681818181818182,0.48,0.3,1.806,0.5087363636363635,0
2025-01-01 00:01:50,Z4,6,0.56,1.08,1.12,0.69,8.28,0.1866666666666666,0.9259259259259258,4.14,3.3600000000000003,9.2736,2.788211851851852,2
2025-01-01 00:01:55,Z1,8,0.85,0.89,1.3,0.97,10.37,0.1625,1.1235955056179776,7.76,6.8,13.481,4.817444101123595,2
2025-01-01 00:01:55,Z2,1,0.1,1.79,0.27,0.12,1.74,0.27,0.5586592178770949,0.12,0.1,0.4698,0.274211843575419,0
2025-01-01 00:01:55,Z3,10,1.0,0.56,1.66,1.0,13.83,0.1659999999999999,1.7857142857142856,10.0,10.0,22.9578,7.1944228571428575,2
2025-01-01 00:01:55,Z4,7,0.7,1.01,1.27,0.9,8.57,0.1814285714285714,0.99009900990099,6.3,4.9,10.8839,3.746766944837341,2
2025-01-01 00:02:00,Z1,2,0.22,1.62,0.48,0.35,2.57,0.24,0.6172839506172839,0.7,0.44,1.2335999999999998,0.5438167901234567,0
2025-01-01 00:02:00,Z2,5,0.45,1.17,0.8,0.65,7.52,0.16,0.8547008547008548,3.25,2.25,6.016,1.9750401709401708,2
2025-01-01 00:02:00,Z3,3,0.3,1.51,0.67,0.46,4.94,0.2233333333333333,0.6622516556291391,1.38,0.8999999999999999,3.3098000000000005,0.9962636644591611,0
2025-01-01 00:02:00,Z4,8,0.78,0.86,1.4,0.81,10.6,0.175,1.162790697674419,6.48,6.24,14.839999999999998,4.604308139534884,2
2025-01-01 00:02:05,Z1,0,-0.04,1.97,0.22,0.11,1.84,0.22,0.5076142131979695,0.0,-0.0,0.4048,0.1970028426395939,0
2025-01-01 00:02:05,Z2,8,0.81,0.78,1.22,0.83,11.37,0.1525,1.282051282051282,6.64,6.48,13.8714,4.621675256410256,2
2025-01-01 00:02:05,Z3,9,0.87,0.63,1.6,0.91,12.32,0.1777777777777777,1.5873015873015872,8.19,7.83,19.712000000000003,5.910604761904763,2
2025-01-01 00:02:05,Z4,9,0.9,0.56,1.4,0.99,12.45,0.1555555555555555,1.7857142857142856,8.91,8.1,17.429999999999996,5.905531746031746,2
2025-01-01 00:02:10,Z1,3,0.3,1.62,0.71,0.33,5.22,0.2366666666666666,0.6172839506172839,0.99,0.8999999999999999,3.7062,0.9717434567901232,0
2025-01-01 00:02:10,Z2,8,0.8,0.71,1.26,0.92,10.36,0.1575,1.4084507042253522,7.36,6.4,13.0536,4.65042514084507,2
2025-01-01 00:02:10,Z3,10,1.0,0.5,1.74,1.0,13.21,0.174,2.0,10.0,10.0,22.9854,7.242040000000001,2
2025-01-01 00:02:10,Z4,10,1.0,0.42,1.76,1.0,13.8,0.176,2.380952380952381,10.0,10.0,24.288,7.448990476190477,2
2025-01-01 00:02:15,Z1,1,0.11,1.92,0.17,0.25,1.78,0.17,0.5208333333333334,0.25,0.11,0.3026,0.2474266666666667,0
2025-01-01 00:02:15,Z2,2,0.16,1.72,0.49,0.32,3.9,0.245,0.5813953488372093,0.64,0.32,1.911,0.5606290697674419,0
2025-01-01 00:02:15,Z3,10,1.0,0.47,1.58,1.0,12.59,0.158,2.127659574468085,10.0,10.0,19.8922,6.954251914893616,2
2025-01-01 00:02:15,Z4,3,0.25,1.63,0.54,0.49,5.46,0.18,0.6134969325153374,1.47,0.75,2.9484000000000004,0.9080393865030676,0
2025-01-01 00:02:20,Z1,7,0.67,1.05,1.35,0.77,10.25,0.1928571428571428,0.9523809523809524,5.390000000000001,4.69,13.8375,3.837940476190477,2
2025-01-01 00:02:20,Z2,2,0.16,1.76,0.33,0.37,3.19,0.165,0.5681818181818182,0.74,0.32,1.0527,0.4671563636363636,0
2025-01-01 00:02:20,Z3,10,1.0,0.41,1.74,1.0,13.73,0.174,2.4390243902439024,10.0,10.0,23.8902,7.420324878048781,2
2025-01-01 00:02:20,Z4,2,0.17,1.6,0.32,0.23,2.78,0.16,0.625,0.46,0.34,0.8896,0.42496,0
2025-01-01 00:02:25,Z1,1,0.14,1.8,0.27,0.19,2.42,0.27,0.5555555555555556,0.19,0.14,0.6534,0.3144511111111111,0
2025-01-01 00:02:25,Z2,10,0.96,0.56,1.74,1.0,13.24,0.174,1.7857142857142856,10.0,9.6,23.0376,7.084402857142857,2
2025-01-01 00:02:25,Z3,4,0.41,1.35,0.74,0.56,6.13,0.185,0.7407407407407407,2.24,1.64,4.5362,1.4760181481481482,0
2025-01-01 00:02:25,Z4,3,0.3,1.54,0.65,0.38,5.17,0.2166666666666666,0.6493506493506493,1.14,0.8999999999999999,3.3605,0.9610867965367966,0
2025-01-01 00:02:30,Z1,9,0.85,0.64,1.55,1.0,11.99,0.1722222222222222,1.5625,9.0,7.649999999999999,18.5845,5.859005555555556,2
2025-01-01 00:02:30,Z2,1,0.13,1.87,0.35,0.28,2.39,0.35,0.53475935828877,0.28,0.13,0.8365,0.359101871657754,0
2025-01-01 00:02:30,Z3,7,0.7,0.96,1.35,0.85,8.54,0.1928571428571428,1.0416666666666667,5.95,4.9,11.529,3.7719476190476193,2
2025-01-01 00:02:30,Z4,10,1.0,0.56,1.72,1.0,13.3,0.172,1.7857142857142856,10.0,10.0,22.876,7.187742857142857,2
2025-01-01 00:02:35,Z1,2,0.2,1.67,0.58,0.22,2.94,0.29,0.5988023952095809,0.44,0.4,1.7051999999999998,0.5487804790419162,0
2025-01-01 00:02:35,Z2,4,0.41,1.41,0.62,0.57,5.74,0.155,0.7092198581560284,2.28,1.64,3.5588,1.3704739716312055,0
2025-01-01 00:02:35,Z3,2,0.18,1.72,0.37,0.23,3.36,0.185,0.5813953488372093,0.46,0.36,1.2432,0.4638490697674418,0
2025-01-01 00:02:35,Z4,3,0.32,1.65,0.59,0.34,4.01,0.1966666666666666,0.6060606060606061,1.02,0.96,2.3659,0.8479687878787878,0
2025-01-01 00:02:40,Z1,7,0.74,0.86,1.15,0.84,9.95,0.1642857142857142,1.162790697674419,5.88,5.18,11.4425,3.853879568106312,2
2025-01-01 00:02:40,Z2,2,0.23,1.69,0.48,0.28,2.7,0.24,0.591715976331361,0.56,0.46,1.296,0.5299431952662722,0
2025-01-01 00:02:40,Z3,9,0.89,0.74,1.46,0.91,11.71,0.1622222222222222,1.351351351351351,8.19,8.01,17.096600000000002,5.651985825825826,2
2025-01-01 00:02:40,Z4,8,0.8,0.77,1.39,0.98,9.86,0.17375,1.2987012987012987,7.84,6.4,13.705399999999996,4.76971775974026,2
2025-01-01 00:02:45,Z1,8,0.84,0.71,1.27,0.86,11.51,0.15875,1.4084507042253522,6.88,6.72,14.6177,4.831147640845071,2
2025-01-01 00:02:45,Z2,1,0.07,1.92,0.2,0.11,1.66,0.2,0.5208333333333334,0.11,0.07,0.332,0.2248666666666667,0
2025-01-01 00:02:45,Z3,1,0.11,1.79,0.28,0.28,2.15,0.28,0.5586592178770949,0.28,0.11,0.602,0.316931843575419,0
2025-01-01 00:02:45,Z4,1,0.13,1.81,0.32,0.27,3.13,0.32,0.5524861878453039,0.27,0.13,1.0016,0.3701572375690607,0
2025-01-01 00:02:50,Z1,2,0.22,1.71,0.55,0.33,3.62,0.275,0.5847953216374269,0.66,0.44,1.9910000000000003,0.6158090643274854,0
2025-01-01 00:02:50,Z2,1,0.15,1.75,0.34,0.22,3.13,0.34,0.5714285714285714,0.22,0.15,1.0642,0.3837057142857142,0
2025-01-01 00:02:50,Z3,2,0.18,1.76,0.45,0.26,3.64,0.225,0.5681818181818182,0.52,0.36,1.638,0.5196863636363637,0
2025-01-01 00:02:50,Z4,9,0.93,0.66,1.43,1.0,11.2,0.1588888888888888,1.5151515151515151,9.0,8.370000000000001,16.016,5.805352525252525,2
2025-01-01 00:02:55,Z1,3,0.3,1.52,0.69,0.5,5.51,0.2299999999999999,0.6578947368421053,1.5,0.8999999999999999,3.8019,1.064268947368421,0
2025-01-01 00:02:55,Z2,3,0.29,1.62,0.64,0.4,4.03,0.2133333333333333,0.6172839506172839,1.2000000000000002,0.8699999999999999,2.5792,0.8757101234567901,0
2025-01-01 00:02:55,Z3,1,0.05,1.78,0.44,0.23,1.66,0.44,0.5617977528089888,0.23,0.05,0.7303999999999999,0.3448995505617978,0
2025-01-01 00:02:55,Z4,9,0.87,0.55,1.38,1.0,12.1,0.1533333333333333,1.818181818181818,9.0,7.83,16.697999999999997,5.770769696969697,2
2025-01-01 00:03:00,Z1,1,0.07,1.93,0.25,0.28,1.55,0.25,0.5181347150259068,0.28,0.07,0.3875,0.2678769430051814,0
2025-01-01 00:03:00,Z2,6,0.62,1.09,0.94,0.79,8.69,0.1566666666666666,0.9174311926605504,4.74,3.72,8.1686,2.866512905198777,2
2025-01-01 00:03:00,Z3,4,0.4,1.47,0.89,0.46,5.77,0.2225,0.6802721088435374,1.84,1.6,5.1353,1.4612094217687075,1
2025-01-01 00:03:00,Z4,4,0.43,1.43,0.89,0.5,5.87,0.2225,0.6993006993006994,2.0,1.72,5.2243,1.5339151398601398,1
2025-01-01 00:03:05,Z1,8,0.78,0.72,1.34,0.94,10.94,0.1675,1.3888888888888888,7.52,6.24,14.6596,4.785612777777778,2
2025-01-01 00:03:05,Z2,8,0.75,0.81,1.31,0.89,11.36,0.16375,1.2345679012345678,7.12,6.0,14.8816,4.644011080246914,2
2025-01-01 00:03:05,Z3,5,0.49,1.17,0.88,0.52,6.99,0.176,0.8547008547008548,2.6,2.45,6.1512,1.9550601709401711,1
2025-01-01 00:03:05,Z4,4,0.4,1.5,0.62,0.45,6.52,0.155,0.6666666666666666,1.8,1.6,4.0424,1.3263233333333333,1
2025-01-01 00:03:10,Z1,7,0.75,0.89,1.32,0.84,9.31,0.1885714285714285,1.1235955056179776,5.88,5.25,12.2892,3.9577819582664526,2
2025-01-01 00:03:10,Z2,8,0.76,0.76,1.22,0.86,10.14,0.1525,1.3157894736842106,6.88,6.08,12.3708,4.394362894736842,2
2025-01-01 00:03:10,Z3,10,1.0,0.42,1.75,1.0,13.72,0.175,2.380952380952381,10.0,10.0,24.01,7.420940476190477,2
2025-01-01 00:03:10,Z4,6,0.59,1.04,0.98,0.8,8.27,0.1633333333333333,0.9615384615384616,4.800000000000001,3.54,8.1046,2.8256010256410256,2
2025-01-01 00:03:15,Z1,6,0.58,1.02,0.9,0.75,8.45,0.15,0.9803921568627452,4.5,3.4799999999999995,7.604999999999999,2.7130784313725487,2
2025-01-01 00:03:15,Z2,4,0.43,1.3,0.82,0.6,6.72,0.205,0.7692307692307692,2.4,1.72,5.5104,1.6321361538461538,0
2025-01-01 00:03:15,Z3,9,0.94,0.6,1.58,1.0,12.12,0.1755555555555555,1.6666666666666667,9.0,8.459999999999999,19.1496,6.180182222222222,2
2025-01-01 00:03:15,Z4,7,0.74,0.87,1.05,0.7,9.21,0.15,1.1494252873563218,4.9,5.18,9.6705,3.523435057471264,2
2025-01-01 00:03:20,Z1,2,0.23,1.71,0.53,0.3,4.37,0.265,0.5847953216374269,0.6,0.46,2.3161,0.6428190643274854,0
2025-01-01 00:03:20,Z2,1,0.1,1.77,0.4,0.17,3.09,0.4,0.5649717514124294,0.17,0.1,1.236,0.3920943502824859,0
2025-01-01 00:03:20,Z3,2,0.22,1.65,0.39,0.38,2.6,0.195,0.6060606060606061,0.76,0.44,1.014,0.5173621212121212,0
2025-01-01 00:03:20,Z4,1,0.09,1.75,0.17,0.17,1.28,0.17,0.5714285714285714,0.17,0.09,0.2176,0.2310457142857142,0
2025-01-01 00:03:25,Z1,9,0.87,0.56,1.45,1.0,10.92,0.1611111111111111,1.7857142857142856,9.0,7.83,15.834,5.679820634920635,2
2025-01-01 00:03:25,Z2,1,0.13,1.81,0.16,0.21,2.62,0.16,0.5524861878453039,0.21,0.13,0.4192,0.2629172375690607,0
2025-01-01 00:03:25,Z3,3,0.3,1.49,0.72,0.44,5.57,0.24,0.6711409395973155,1.32,0.8999999999999999,4.0104,1.0632681879194632,0
2025-01-01 00:03:25,Z4,1,0.1,1.91,0.19,0.29,2.21,0.19,0.5235602094240838,0.29,0.1,0.4199,0.2677020418848167,0
2025-01-01 00:03:30,Z1,9,0.92,0.74,1.59,1.0,12.36,0.1766666666666666,1.351351351351351,9.0,8.280000000000001,19.6524,6.113676936936937,2
2025-01-01 00:03:30,Z2,9,0.93,0.64,1.39,1.0,12.67,0.1544444444444444,1.5625,9.0,8.370000000000001,17.6113,5.973241111111111,2
2025-01-01 00:03:30,Z3,6,0.63,1.01,0.96,0.65,8.42,0.16,0.99009900990099,3.9,3.78,8.0832,2.7653398019801982,2
2025-01-01 00:03:30,Z4,3,0.32,1.49,0.64,0.31,4.0,0.2133333333333333,0.6711409395973155,0.93,0.96,2.56,0.8710615212527963,0
2025-01-01 00:03:35,Z1,8,0.83,0.78,1.23,0.88,11.56,0.15375,1.282051282051282,7.04,6.64,14.2188,4.764727756410256,2
2025-01-01 00:03:35,Z2,6,0.57,1.0,1.16,0.78,8.61,0.1933333333333333,1.0,4.68,3.42,9.9876,2.975093333333333,2
2025-01-01 00:03:35,Z3,4,0.44,1.35,0.71,0.52,5.97,0.1775,0.7407407407407407,2.08,1.76,4.2387,1.4563931481481482,1
2025-01-01 00:03:35,Z4,0,0.02,1.99,0.17,0.0,0.72,0.17,0.5025125628140703,0.0,0.0,0.1224,0.155242512562814,0
2025-01-01 00:03:40,Z1,9,0.9,0.6,1.39,1.0,12.02,0.1544444444444444,1.6666666666666667,9.0,8.1,16.7078,5.822724444444444,2
2025-01-01 00:03:40,Z2,4,0.42,1.44,0.85,0.52,5.21,0.2125,0.6944444444444444,2.08,1.68,4.4285,1.450863888888889,1
2025-01-01 00:03:40,Z3,4,0.37,1.34,0.81,0.58,5.95,0.2025,0.7462686567164178,2.32,1.48,4.819500000000001,1.4738287313432836,0
2025-01-01 00:03:40,Z4,9,0.93,0.65,1.41,0.98,11.05,0.1566666666666666,1.5384615384615383,8.82,8.370000000000001,15.5805,5.738908974358974,2
2025-01-01 00:03:45,Z1,1,0.1,1.86,0.21,0.2,2.25,0.21,0.5376344086021505,0.2,0.1,0.4725,0.26727688172043,0
2025-01-01 00:03:45,Z2,4,0.39,1.46,0.86,0.53,6.26,0.215,0.684931506849315,2.12,1.56,5.3836,1.5150963013698628,1
2025-01-01 00:03:45,Z3,4,0.41,1.49,0.78,0.5,6.41,0.195,0.6711409395973155,2.0,1.64,4.9998000000000005,1.474958187919463,1
2025-01-01 00:03:45,Z4,2,0.25,1.76,0.5,0.23,2.71,0.25,0.5681818181818182,0.46,0.5,1.355,0.5306363636363637,0
2025-01-01 00:03:50,Z1,6,0.57,1.1,0.9,0.75,8.88,0.15,0.9090909090909092,4.5,3.42,7.992000000000001,2.7195181818181817,2
2025-01-01 00:03:50,Z2,6,0.64,1.14,1.13,0.74,8.83,0.1883333333333333,0.8771929824561404,4.44,3.84,9.9779,3.0383119298245616,2
2025-01-01 00:03:50,Z3,2,0.24,1.63,0.39,0.27,3.15,0.195,0.6134969325153374,0.54,0.48,1.2285,0.5192993865030675,0
2025-01-01 00:03:50,Z4,6,0.58,1.15,1.18,0.78,7.6,0.1966666666666666,0.8695652173913044,4.68,3.4799999999999995,8.968,2.865879710144928,2
2025-01-01 00:03:55,Z1,1,0.1,1.84,0.23,0.24,3.09,0.23,0.5434782608695652,0.24,0.1,0.7107,0.303265652173913,0
2025-01-01 00:03:55,Z2,2,0.21,1.61,0.54,0.4,3.68,0.27,0.6211180124223602,0.8,0.42,1.9872000000000003,0.6364436024844721,0
2025-01-01 00:03:55,Z3,1,0.07,1.78,0.25,0.13,2.22,0.25,0.5617977528089888,0.13,0.07,0.555,0.2708595505617978,0
2025-01-01 00:03:55,Z4,9,0.89,0.7,1.5,1.0,11.42,0.1666666666666666,1.4285714285714286,9.0,8.01,17.13,5.793380952380952,2
2025-01-01 00:04:00,Z1,10,0.98,0.47,1.59,1.0,12.07,0.159,2.127659574468085,10.0,9.8,19.1913,6.824411914893617,2
2025-01-01 00:04:00,Z2,10,1.0,0.56,1.71,1.0,12.71,0.1709999999999999,1.7857142857142856,10.0,10.0,21.7341,7.073302857142858,2
2025-01-01 00:04:00,Z3,6,0.6,1.12,1.06,0.77,8.2,0.1766666666666666,0.8928571428571428,4.62,3.6,8.692,2.864938095238095,2
2025-01-01 00:04:00,Z4,4,0.45,1.46,0.61,0.52,6.18,0.1525,0.684931506849315,2.08,1.8,3.7698,1.404091301369863,1
2025-01-01 00:04:05,Z1,5,0.52,1.29,0.86,0.65,7.24,0.172,0.7751937984496123,3.25,2.6,6.2264,2.0881787596899226,2
2025-01-01 00:04:05,Z2,6,0.62,1.02,1.05,0.79,8.6,0.175,0.9803921568627452,4.74,3.72,9.03,2.969828431372549,2
2025-01-01 00:04:05,Z3,0,-0.01,1.91,0.25,0.13,1.18,0.25,0.5235602094240838,0.0,-0.0,0.295,0.1967120418848167,0
2025-01-01 00:04:05,Z4,3,0.29,1.64,0.58,0.41,4.32,0.1933333333333333,0.6097560975609756,1.23,0.8699999999999999,2.5056,0.8663445528455284,0
2025-01-01 00:04:10,Z1,4,0.4,1.46,0.74,0.48,5.57,0.185,0.684931506849315,1.92,1.6,4.1218,1.363416301369863,1
2025-01-01 00:04:10,Z2,2,0.18,1.61,0.47,0.21,2.76,0.235,0.6211180124223602,0.42,0.36,1.2972,0.4836936024844721,0
2025-01-01 00:04:10,Z3,6,0.57,1.11,0.94,0.67,8.94,0.1566666666666666,0.9009009009009008,4.0200000000000005,3.42,8.403599999999999,2.6887068468468467,2
2025-01-01 00:04:10,Z4,1,0.15,1.9,0.44,0.2,1.98,0.44,0.5263157894736842,0.2,0.15,0.8712,0.3773831578947368,0
2025-01-01 00:04:15,Z1,5,0.47,1.27,0.8,0.52,7.9,0.16,0.7874015748031495,2.6,2.35,6.32,1.92448031496063,1
2025-01-01 00:04:15,Z2,4,0.35,1.5,0.74,0.48,6.7,0.185,0.6666666666666666,1.92,1.4,4.958,1.3833833333333334,1
2025-01-01 00:04:15,Z3,7,0.67,1.02,1.17,0.86,9.27,0.1671428571428571,0.9803921568627452,6.02,4.69,10.8459,3.6324541456582633,2
2025-01-01 00:04:15,Z4,1,0.07,1.86,0.37,0.28,1.99,0.37,0.5376344086021505,0.28,0.07,0.7363,0.33665688172043,0
2025-01-01 00:04:20,Z1,0,0.02,1.94,0.25,0.11,0.1,0.25,0.5154639175257733,0.0,0.0,0.025,0.1680927835051546,0
2025-01-01 00:04:20,Z2,7,0.67,0.97,1.3,0.76,8.42,0.1857142857142857,1.0309278350515465,5.32,4.69,10.946,3.552214138438881,2
2025-01-01 00:04:20,Z3,4,0.44,1.43,0.74,0.54,5.07,0.185,0.6993006993006994,2.16,1.76,3.7518,1.41329013986014,1
2025-01-01 00:04:20,Z4,7,0.66,0.93,1.19,0.9,9.86,0.1699999999999999,1.075268817204301,6.3,4.62,11.7334,3.76189376344086,2
2025-01-01 00:04:25,Z1,2,0.23,1.78,0.55,0.39,3.67,0.275,0.5617977528089888,0.78,0.46,2.0185,0.6379595505617978,0
2025-01-01 00:04:25,Z2,0,0.05,1.94,0.24,0.18,1.66,0.24,0.5154639175257733,0.0,0.0,0.3984,0.2029327835051546,0
2025-01-01 00:04:25,Z3,7,0.65,1.05,1.34,0.83,8.49,0.1914285714285714,0.9523809523809524,5.81,4.55,11.376600000000002,3.612493333333333,2
2025-01-01 00:04:25,Z4,9,0.85,0.75,1.48,0.93,12.33,0.1644444444444444,1.3333333333333333,8.370000000000001,7.649999999999999,18.2484,5.6831177777777775,2
2025-01-01 00:04:30,Z1,10,0.96,0.41,1.72,1.0,12.06,0.172,2.4390243902439024,10.0,9.6,20.7432,6.985124878048781,2
2025-01-01 00:04:30,Z2,1,0.08,1.78,0.38,0.14,1.79,0.38,0.5617977528089888,0.14,0.08,0.6802,0.3203795505617978,0
2025-01-01 00:04:30,Z3,8,0.78,0.78,1.31,0.97,11.35,0.16375,1.282051282051282,7.76,6.24,14.8685,4.8201977564102565,2
2025-01-01 00:04:30,Z4,9,0.91,0.68,1.49,1.0,11.11,0.1655555555555555,1.4705882352941175,9.0,8.19,16.5539,5.797896535947712,2
2025-01-01 00:04:35,Z1,9,0.87,0.59,1.42,1.0,11.59,0.1577777777777777,1.6949152542372885,9.0,7.83,16.4578,5.723207495291902,2
2025-01-01 00:04:35,Z2,9,0.9,0.61,1.49,0.94,12.54,0.1655555555555555,1.639344262295082,8.459999999999999,8.1,18.6846,5.936717741347905,2
2025-01-01 00:04:35,Z3,0,0.02,2.03,0.07,0.02,1.61,0.07,0.4926108374384237,0.0,0.0,0.1127,0.1272921674876847,0
2025-01-01 00:04:35,Z4,5,0.5,1.24,0.89,0.66,7.18,0.178,0.8064516129032259,3.3000000000000003,2.5,6.3902,2.0898103225806453,2
2025-01-01 00:04:40,Z1,3,0.34,1.63,0.65,0.44,4.5,0.2166666666666666,0.6134969325153374,1.32,1.02,2.9250000000000003,0.973366053169734,0
2025-01-01 00:04:40,Z2,8,0.81,0.73,1.48,0.83,10.14,0.185,1.36986301369863,6.64,6.48,15.0072,4.760942602739727,2
2025-01-01 00:04:40,Z3,9,0.93,0.68,1.58,0.93,12.44,0.1755555555555555,1.4705882352941175,8.370000000000001,8.370000000000001,19.6552,6.070026535947713,2
2025-01-01 00:04:40,Z4,3,0.34,1.57,0.66,0.33,4.66,0.22,0.6369426751592356,0.99,1.02,3.0756,0.9444485350318472,0
2025-01-01 00:04:45,Z1,5,0.46,1.21,0.81,0.53,6.42,0.162,0.8264462809917356,2.6500000000000004,2.3000000000000003,5.200200000000001,1.8133092561983477,1
2025-01-01 00:04:45,Z2,9,0.85,0.63,1.42,1.0,11.48,0.1577777777777777,1.5873015873015872,9.0,7.649999999999999,16.3016,5.632064761904761,2
2025-01-01 00:04:45,Z3,7,0.71,1.02,1.29,0.71,8.56,0.1842857142857143,0.9803921568627452,4.97,4.97,11.0424,3.582889859943977,2
2025-01-01 00:04:45,Z4,6,0.64,1.09,0.99,0.76,8.65,0.165,0.9174311926605504,4.5600000000000005,3.84,8.5635,2.91708623853211,2
2025-01-01 00:04:50,Z1,10,0.97,0.42,1.57,1.0,12.36,0.157,2.380952380952381,10.0,9.7,19.4052,6.865960476190476,2
2025-01-01 00:04:50,Z2,1,0.14,1.81,0.39,0.18,2.61,0.39,0.5524861878453039,0.18,0.14,1.0179,0.3787872375690608,0
2025-01-01 00:04:50,Z3,5,0.55,1.29,1.03,0.6,7.59,0.206,0.7751937984496123,3.0,2.75,7.8177,2.2633087596899224,2
2025-01-01 00:04:50,Z4,5,0.45,1.23,0.8,0.61,6.58,0.16,0.8130081300813008,3.05,2.25,5.264,1.86150162601626,2
2025-01-01 00:04:55,Z1,6,0.6,1.04,0.92,0.68,7.84,0.1533333333333333,0.9615384615384616,4.08,3.6,7.2128,2.643921025641025,2
2025-01-01 00:04:55,Z2,6,0.58,1.09,1.12,0.62,7.94,0.1866666666666666,0.9174311926605504,3.72,3.4799999999999995,8.892800000000001,2.721432905198777,2
2025-01-01 00:04:55,Z3,10,1.0,0.6,1.66,1.0,12.35,0.1659999999999999,1.6666666666666667,10.0,10.0,20.501,6.924933333333334,2
2025-01-01 00:04:55,Z4,9,0.85,0.58,1.59,1.0,11.53,0.1766666666666666,1.7241379310344829,9.0,7.649999999999999,18.3327,5.867264252873563,2
2025-01-01 00:05:00,Z1,1,0.06,1.76,0.43,0.27,2.74,0.43,0.5681818181818182,0.27,0.06,1.1782,0.3974563636363636,0
2025-01-01 00:05:00,Z2,0,-0.0,2.01,0.13,0.04,1.56,0.13,0.4975124378109453,0.0,-0.0,0.2028,0.152282487562189,0
2025-01-01 00:05:00,Z3,3,0.29,1.51,0.69,0.41,5.36,0.2299999999999999,0.6622516556291391,1.23,0.8699999999999999,3.6984,1.0052903311258277,0
2025-01-01 00:05:00,Z4,1,0.13,1.9,0.27,0.18,2.16,0.27,0.5263157894736842,0.18,0.13,0.5832,0.2970831578947368,0
2025-01-01 00:05:05,Z1,2,0.16,1.8,0.48,0.37,3.65,0.24,0.5555555555555556,0.74,0.32,1.752,0.5533111111111111,0
2025-01-01 00:05:05,Z2,7,0.74,1.02,1.09,0.73,9.32,0.1557142857142857,0.9803921568627452,5.109999999999999,5.18,10.1588,3.5713870028011203,2
2025-01-01 00:05:05,Z3,2,0.16,1.66,0.59,0.4,3.68,0.295,0.6024096385542169,0.8,0.32,2.1712,0.6273519277108434,0
2025-01-01 00:05:05,Z4,10,0.97,0.45,1.77,1.0,13.21,0.177,2.2222222222222223,10.0,9.7,23.3817,7.2368644444444445,2
2025-01-01 00:05:10,Z1,9,0.85,0.57,1.5,0.97,12.43,0.1666666666666666,1.7543859649122808,8.73,7.649999999999999,18.645,5.861543859649123,2
2025-01-01 00:05:10,Z2,0,-0.05,2.03,0.24,0.07,0.11,0.24,0.4926108374384237,0.0,-0.0,0.0264,0.1611621674876847,0
2025-01-01 00:05:10,Z3,1,0.1,1.89,0.31,0.12,2.5,0.31,0.5291005291005292,0.12,0.1,0.775,0.3088201058201059,0
2025-01-01 00:05:10,Z4,9,0.89,0.7,1.47,0.98,11.94,0.1633333333333333,1.4285714285714286,8.82,8.01,17.5518,5.807727619047619,2
2025-01-01 00:05:15,Z1,6,0.55,1.06,1.12,0.74,7.71,0.1866666666666666,0.9433962264150942,4.44,3.3000000000000003,8.635200000000001,2.7548659119496857,2
2025-01-01 00:05:15,Z2,6,0.56,1.18,1.1,0.71,7.58,0.1833333333333333,0.8474576271186441,4.26,3.3600000000000003,8.338000000000001,2.696124858757062,2
2025-01-01 00:05:15,Z3,4,0.42,1.41,0.84,0.53,5.7,0.21,0.7092198581560284,2.12,1.68,4.788,1.4951439716312058,1
2025-01-01 00:05:15,Z4,2,0.24,1.63,0.41,0.3,2.79,0.205,0.6134969325153374,0.6,0.48,1.1439,0.5223393865030674,0
2025-01-01 00:05:20,Z1,4,0.41,1.31,0.74,0.47,6.23,0.185,0.7633587786259541,1.88,1.64,4.6102,1.4339417557251908,1
2025-01-01 00:05:20,Z2,5,0.55,1.29,1.05,0.55,6.15,0.21,0.7751937984496123,2.75,2.75,6.4575000000000005,2.0907887596899224,2
2025-01-01 00:05:20,Z3,2,0.2,1.62,0.55,0.28,2.43,0.275,0.6172839506172839,0.56,0.4,1.3365000000000002,0.5298567901234568,0
2025-01-01 00:05:20,Z4,7,0.67,1.0,1.24,0.75,9.45,0.1771428571428571,1.0,5.25,4.69,11.717999999999998,3.6105857142857145,2
2025-01-01 00:05:25,Z1,2,0.24,1.62,0.43,0.21,3.23,0.215,0.6172839506172839,0.42,0.48,1.3889,0.5230967901234568,0
2025-01-01 00:05:25,Z2,9,0.86,0.7,1.41,1.0,12.19,0.1566666666666666,1.4285714285714286,9.0,7.74,17.1879,5.715670952380952,2
2025-01-01 00:05:25,Z3,10,0.98,0.5,1.59,1.0,13.12,0.159,2.0,10.0,9.8,20.8608,6.96583,2
2025-01-01 00:05:25,Z4,7,0.73,0.97,1.23,0.8,9.42,0.1757142857142857,1.0309278350515465,5.6000000000000005,5.109999999999999,11.5866,3.781774138438881,2
2025-01-01 00:05:30,Z1,0,0.01,2.08,0.09,0.08,0.84,0.09,0.4807692307692307,0.0,0.0,0.0756,0.1262138461538461,0
2025-01-01 00:05:30,Z2,1,0.1,1.8,0.19,0.25,2.96,0.19,0.5555555555555556,0.25,0.1,0.5624,0.2823511111111111,0
2025-01-01 00:05:30,Z3,5,0.52,1.17,0.79,0.55,6.26,0.158,0.8547008547008548,2.75,2.6,4.9454,1.897480170940171,2
2025-01-01 00:05:30,Z4,3,0.31,1.46,0.59,0.45,4.6,0.1966666666666666,0.684931506849315,1.35,0.93,2.7139999999999995,0.9390529680365296,0
2025-01-01 00:05:35,Z1,9,0.91,0.72,1.36,0.93,12.58,0.1511111111111111,1.3888888888888888,8.370000000000001,8.19,17.108800000000002,5.738935555555556,2
2025-01-01 00:05:35,Z2,9,0.88,0.71,1.53,0.95,11.05,0.17,1.4084507042253522,8.549999999999999,7.92,16.9065,5.67334014084507,2
2025-01-01 00:05:35,Z3,10,0.99,0.44,1.75,1.0,13.67,0.175,2.272727272727273,10.0,9.9,23.9225,7.360545454545456,2
2025-01-01 00:05:35,Z4,4,0.38,1.46,0.67,0.52,6.67,0.1675,0.684931506849315,2.08,1.52,4.4689000000000005,1.393751301369863,1
2025-01-01 00:05:40,Z1,9,0.9,0.59,1.42,1.0,11.7,0.1577777777777777,1.6949152542372885,9.0,8.1,16.613999999999997,5.819827495291901,2
2025-01-01 00:05:40,Z2,8,0.84,0.73,1.31,0.99,10.91,0.16375,1.36986301369863,7.92,6.72,14.2921,4.948120102739726,2
2025-01-01 00:05:40,Z3,5,0.46,1.26,0.76,0.63,6.28,0.152,0.7936507936507936,3.15,2.3000000000000003,4.7728,1.8365101587301589,2
2025-01-01 00:05:40,Z4,4,0.4,1.35,0.81,0.53,5.74,0.2025,0.7407407407407407,2.12,1.6,4.649400000000001,1.4617131481481482,1
2025-01-01 00:05:45,Z1,5,0.55,1.35,0.88,0.59,7.66,0.176,0.7407407407407407,2.95,2.75,6.7408,2.133728148148148,2
2025-01-01 00:05:45,Z2,8,0.81,0.71,1.35,0.87,10.71,0.16875,1.4084507042253522,6.96,6.48,14.458500000000004,4.75772764084507,2
2025-01-01 00:05:45,Z3,0,0.01,2.06,0.22,0.2,1.86,0.22,0.4854368932038835,0.0,0.0,0.4092,0.1930073786407767,0
2025-01-01 00:05:45,Z4,10,1.0,0.59,1.54,1.0,12.01,0.154,1.6949152542372885,10.0,10.0,18.4954,6.727023050847458,2
2025-01-01 00:05:50,Z1,10,0.98,0.53,1.78,1.0,13.54,0.178,1.8867924528301885,10.0,9.8,24.1012,7.271978490566037,2
2025-01-01 00:05:50,Z2,10,0.97,0.57,1.59,1.0,12.46,0.159,1.7543859649122808,10.0,9.7,19.811400000000003,6.781767192982457,2
2025-01-01 00:05:50,Z3,2,0.22,1.78,0.38,0.34,3.97,0.19,0.5617977528089888,0.68,0.44,1.5086000000000002,0.5447195505617978,0
2025-01-01 00:05:50,Z4,5,0.49,1.35,0.99,0.65,7.71,0.198,0.7407407407407407,3.25,2.45,7.6329,2.183438148148148,2
2025-01-01 00:05:55,Z1,5,0.48,1.16,0.92,0.61,7.26,0.184,0.8620689655172414,3.05,2.4,6.6792,2.0638337931034485,2
2025-01-01 00:05:55,Z2,4,0.4,1.47,0.71,0.51,5.69,0.1775,0.6802721088435374,2.04,1.6,4.0399,1.3704194217687076,1
2025-01-01 00:05:55,Z3,8,0.8,0.82,1.31,0.82,10.42,0.16375,1.2195121951219512,6.56,6.4,13.6502,4.553859939024391,2
2025-01-01 00:05:55,Z4,9,0.89,0.6,1.57,1.0,12.72,0.1744444444444444,1.6666666666666667,9.0,8.01,19.9704,6.126984444444445,2
2025-01-01 00:06:00,Z1,0,0.04,1.99,0.29,0.13,1.94,0.29,0.5025125628140703,0.0,0.0,0.5626,0.229262512562814,0
2025-01-01 00:06:00,Z2,1,0.1,1.83,0.3,0.19,2.12,0.3,0.5464480874316939,0.19,0.1,0.636,0.3063896174863388,0
2025-01-01 00:06:00,Z3,7,0.68,0.91,1.2,0.73,8.63,0.1714285714285714,1.0989010989010988,5.109999999999999,4.760000000000001,10.356,3.492737362637363,2
2025-01-01 00:06:00,Z4,8,0.78,0.87,1.43,0.86,9.92,0.17875,1.1494252873563218,6.88,6.24,14.1856,4.597132557471264,2
2025-01-01 00:06:05,Z1,1,0.13,1.78,0.31,0.26,2.83,0.31,0.5617977528089888,0.26,0.13,0.8773,0.3555895505617977,0
2025-01-01 00:06:05,Z2,6,0.6,1.07,1.12,0.68,8.55,0.1866666666666666,0.9345794392523364,4.08,3.6,9.576000000000002,2.883182554517134,2
2025-01-01 00:06:05,Z3,1,0.14,1.85,0.2,0.17,2.5,0.2,0.5405405405405405,0.17,0.14,0.5,0.2756081081081081,0
2025-01-01 00:06:05,Z4,7,0.7,0.85,1.11,0.9,8.8,0.1585714285714285,1.1764705882352942,6.3,4.9,9.768000000000002,3.666736974789916,2
2025-01-01 00:06:10,Z1,4,0.45,1.4,0.87,0.58,5.19,0.2175,0.7142857142857143,2.32,1.8,4.515300000000001,1.536762142857143,0
2025-01-01 00:06:10,Z2,1,0.1,1.88,0.31,0.12,2.08,0.31,0.5319148936170213,0.12,0.1,0.6448,0.2963629787234042,0
2025-01-01 00:06:10,Z3,0,0.05,2.09,0.23,0.08,1.72,0.23,0.4784688995215311,0.0,0.0,0.3956,0.1927537799043062,0
2025-01-01 00:06:10,Z4,4,0.36,1.33,0.77,0.55,5.55,0.1925,0.7518796992481203,2.2,1.44,4.2735,1.3878509398496242,1
2025-01-01 00:06:15,Z1,3,0.29,1.55,0.65,0.49,4.47,0.2166666666666666,0.6451612903225806,1.47,0.8699999999999999,2.9055,0.9552489247311828,0
2025-01-01 00:06:15,Z2,3,0.27,1.6,0.48,0.49,5.22,0.16,0.625,1.47,0.81,2.5056,0.87906,0
2025-01-01 00:06:15,Z3,5,0.52,1.29,1.02,0.52,7.82,0.204,0.7751937984496123,2.6,2.6,7.976400000000001,2.1736787596899223,1
2025-01-01 00:06:15,Z4,10,1.0,0.43,1.55,1.0,12.55,0.155,2.3255813953488373,10.0,10.0,19.4525,6.949116279069767,2
2025-01-01 00:06:20,Z1,6,0.59,1.15,1.13,0.61,8.88,0.1883333333333333,0.8695652173913044,3.66,3.54,10.0344,2.835436376811595,2
2025-01-01 00:06:20,Z2,2,0.15,1.75,0.35,0.25,3.51,0.175,0.5714285714285714,0.5,0.3,1.2285,0.4458857142857143,0
2025-01-01 00:06:20,Z3,9,0.93,0.56,1.48,1.0,11.33,0.1644444444444444,1.7857142857142856,9.0,8.370000000000001,16.7684,5.936093968253969,2
2025-01-01 00:06:20,Z4,7,0.72,1.01,1.16,0.81,9.39,0.1657142857142857,0.99009900990099,5.67,5.04,10.8924,3.691188373408769,2
2025-01-01 00:06:25,Z1,8,0.78,0.79,1.39,0.94,11.41,0.17375,1.2658227848101264,7.52,6.24,15.8599,4.882592056962025,2
2025-01-01 00:06:25,Z2,2,0.22,1.68,0.45,0.39,2.53,0.225,0.5952380952380952,0.78,0.44,1.1384999999999998,0.538147619047619,0
2025-01-01 00:06:25,Z3,8,0.8,0.73,1.22,0.99,10.7,0.1525,1.36986301369863,7.92,6.4,13.053999999999998,4.7254976027397255,2
2025-01-01 00:06:25,Z4,2,0.16,1.61,0.3,0.34,2.82,0.15,0.6211180124223602,0.68,0.32,0.846,0.4443236024844721,0
2025-01-01 00:06:30,Z1,4,0.41,1.31,0.65,0.45,6.07,0.1625,0.7633587786259541,1.8,1.64,3.945500000000001,1.3498467557251908,1
2025-01-01 00:06:30,Z2,5,0.52,1.33,0.86,0.59,7.99,0.172,0.7518796992481203,2.95,2.6,6.8714,2.103015939849624,2
2025-01-01 00:06:30,Z3,5,0.52,1.26,0.91,0.67,7.82,0.182,0.7936507936507936,3.35,2.6,7.1162,2.198350158730159,2
2025-01-01 00:06:30,Z4,3,0.34,1.45,0.73,0.35,5.28,0.2433333333333333,0.6896551724137931,1.0499999999999998,1.02,3.8544,1.047704367816092,0
2025-01-01 00:06:35,Z1,0,0.04,2.1,0.2,0.07,1.87,0.2,0.4761904761904761,0.0,0.0,0.374,0.1826380952380952,0
2025-01-01 00:06:35,Z2,0,-0.02,2.0,0.16,0.05,0.2,0.16,0.5,0.0,-0.0,0.032,0.1432,0
2025-01-01 00:06:35,Z3,5,0.51,1.19,0.79,0.61,7.46,0.158,0.8403361344537815,3.05,2.55,5.893400000000001,2.019407226890756,2
2025-01-01 00:06:35,Z4,6,0.6,1.0,1.01,0.71,7.26,0.1683333333333333,1.0,4.26,3.6,7.3326,2.694343333333333,2
2025-01-01 00:06:40,Z1,4,0.38,1.41,0.67,0.45,5.28,0.1675,0.7092198581560284,1.8,1.52,3.5376000000000003,1.2634789716312058,1
2025-01-01 00:06:40,Z2,1,0.1,1.89,0.36,0.2,1.94,0.36,0.5291005291005292,0.2,0.1,0.6983999999999999,0.3256601058201058,0
2025-01-01 00:06:40,Z3,0,-0.02,2.07,0.22,0.13,1.75,0.22,0.4830917874396135,0.0,-0.0,0.385,0.1901183574879227,0
2025-01-01 00:06:40,Z4,9,0.91,0.72,1.6,0.95,12.42,0.1777777777777777,1.3888888888888888,8.549999999999999,8.19,19.872,6.048922222222222,2
2025-01-01 00:06:45,Z1,0,0.04,2.03,0.05,0.06,0.77,0.05,0.4926108374384237,0.0,0.0,0.0385,0.1148721674876847,0
2025-01-01 00:06:45,Z2,0,0.01,2.02,0.3,0.06,1.98,0.3,0.495049504950495,0.0,0.0,0.594,0.233409900990099,0
2025-01-01 00:06:45,Z3,9,0.94,0.72,1.37,1.0,11.22,0.1522222222222222,1.3888888888888888,9.0,8.459999999999999,15.3714,5.740973333333333,2
2025-01-01 00:06:45,Z4,8,0.82,0.89,1.3,0.88,9.89,0.1625,1.1235955056179776,7.04,6.56,12.857,4.575044101123596,2
2025-01-01 00:06:50,Z1,7,0.71,1.0,1.33,0.88,8.67,0.19,1.0,6.16,4.97,11.5311,3.81561,2
2025-01-01 00:06:50,Z2,10,0.98,0.5,1.76,1.0,13.08,0.176,2.0,10.0,9.8,23.0208,7.1860800000000005,2
2025-01-01 00:06:50,Z3,5,0.52,1.3,0.81,0.64,7.11,0.162,0.7692307692307692,3.2,2.6,5.759100000000001,2.030256153846154,2
2025-01-01 00:06:50,Z4,5,0.48,1.28,0.83,0.54,6.33,0.1659999999999999,0.78125,2.7,2.4,5.2539,1.84814,1
2025-01-01 00:06:55,Z1,5,0.46,1.33,0.82,0.68,7.85,0.1639999999999999,0.7518796992481203,3.4000000000000004,2.3000000000000003,6.436999999999999,2.035075939849624,2
2025-01-01 00:06:55,Z2,4,0.35,1.45,0.7,0.46,5.66,0.175,0.6896551724137931,1.84,1.4,3.962,1.2738810344827587,1
2025-01-01 00:06:55,Z3,9,0.86,0.66,1.6,1.0,11.31,0.1777777777777777,1.5151515151515151,9.0,7.74,18.096,5.829074747474747,2
2025-01-01 00:06:55,Z4,3,0.28,1.56,0.53,0.43,3.65,0.1766666666666666,0.641025641025641,1.29,0.8400000000000001,1.9345,0.8113217948717949,0
2025-01-01 00:07:00,Z1,5,0.49,1.23,0.91,0.67,6.07,0.182,0.8130081300813008,3.35,2.45,5.523700000000001,1.9979716260162603,2
2025-01-01 00:07:00,Z2,3,0.3,1.56,0.58,0.46,4.78,0.1933333333333333,0.641025641025641,1.38,0.8999999999999999,2.7724,0.9307784615384616,0
2025-01-01 00:07:00,Z3,9,0.91,0.64,1.44,1.0,11.13,0.16,1.5625,9.0,8.19,16.0272,5.762219999999999,2
2025-01-01 00:07:00,Z4,1,0.11,1.93,0.39,0.19,1.52,0.39,0.5181347150259068,0.19,0.11,0.5928,0.3219069430051814,0
2025-01-01 00:07:05,Z1,4,0.43,1.5,0.62,0.47,5.21,0.155,0.6666666666666666,1.88,1.72,3.2302,1.2931033333333333,1
2025-01-01 00:07:05,Z2,5,0.51,1.25,1.02,0.56,7.13,0.204,0.8,2.8000000000000003,2.55,7.2726,2.12326,2
2025-01-01 00:07:05,Z3,5,0.46,1.31,0.95,0.56,6.4,0.19,0.7633587786259541,2.8000000000000003,2.3000000000000003,6.08,1.918171755725191,2
2025-01-01 00:07:05,Z4,1,0.12,1.88,0.41,0.22,1.36,0.41,0.5319148936170213,0.22,0.12,0.5576,0.3336429787234043,0
2025-01-01 00:07:10,Z1,1,0.06,1.83,0.31,0.19,2.66,0.31,0.5464480874316939,0.19,0.06,0.8246,0.3157496174863388,0
2025-01-01 00:07:10,Z2,8,0.8,0.85,1.41,0.92,10.41,0.17625,1.1764705882352942,7.36,6.4,14.6781,4.771166617647059,2
2025-01-01 00:07:10,Z3,1,0.15,1.78,0.33,0.1,2.14,0.33,0.5617977528089888,0.1,0.15,0.7062,0.3254795505617978,0
2025-01-01 00:07:10,Z4,1,0.08,1.78,0.17,0.26,2.16,0.17,0.5617977528089888,0.26,0.08,0.3672,0.2545795505617977,0
2025-01-01 00:07:15,Z1,3,0.32,1.47,0.64,0.31,5.19,0.2133333333333333,0.6802721088435374,0.93,0.96,3.3216,0.9490477551020408,0
2025-01-01 00:07:15,Z2,8,0.78,0.85,1.35,0.84,11.05,0.16875,1.1764705882352942,6.72,6.24,14.917500000000002,4.649231617647059,2
2025-01-01 00:07:15,Z3,10,1.0,0.58,1.56,1.0,12.75,0.156,1.7241379310344829,10.0,10.0,19.89,6.872827586206896,2
2025-01-01 00:07:15,Z4,0,-0.03,2.03,0.2,0.13,1.03,0.2,0.4926108374384237,0.0,-0.0,0.206,0.1691221674876847,0
2025-01-01 00:07:20,Z1,5,0.52,1.33,1.05,0.51,7.89,0.21,0.7518796992481203,2.55,2.6,8.2845,2.1938259398496243,1
2025-01-01 00:07:20,Z2,2,0.16,1.78,0.41,0.21,4.33,0.205,0.5617977528089888,0.42,0.32,1.7753,0.5001395505617977,0
2025-01-01 00:07:20,Z3,8,0.83,0.79,1.46,0.99,11.23,0.1825,1.2658227848101264,7.92,6.64,16.3958,5.118369556962025,2
2025-01-01 00:07:20,Z4,9,0.94,0.61,1.63,1.0,11.4,0.1811111111111111,1.639344262295082,9.0,8.459999999999999,18.582,6.119346630236794,2
2025-01-01 00:07:25,Z1,6,0.62,1.15,0.96,0.74,8.04,0.16,0.8695652173913044,4.44,3.72,7.718399999999999,2.767753043478261,2
2025-01-01 00:07:25,Z2,1,0.06,1.8,0.44,0.1,1.64,0.44,0.5555555555555556,0.1,0.06,0.7215999999999999,0.3262711111111111,0
2025-01-01 00:07:25,Z3,7,0.75,0.89,1.07,0.74,9.65,0.1528571428571428,1.1235955056179776,5.18,5.25,10.325500000000002,3.647483386837882,2
2025-01-01 00:07:25,Z4,7,0.68,0.94,1.19,0.76,8.96,0.1699999999999999,1.0638297872340423,5.32,4.760000000000001,10.6624,3.5475059574468086,2
2025-01-01 00:07:30,Z1,3,0.3,1.47,0.64,0.48,4.81,0.2133333333333333,0.6802721088435374,1.44,0.8999999999999999,3.0784,0.9832277551020407,0
2025-01-01 00:07:30,Z2,2,0.18,1.77,0.49,0.25,4.19,0.245,0.5649717514124294,0.5,0.36,2.0531,0.5625543502824859,0
2025-01-01 00:07:30,Z3,8,0.78,0.81,1.23,0.8,11.12,0.15375,1.2345679012345678,6.4,6.24,13.677599999999998,4.485111080246913,2
2025-01-01 00:07:30,Z4,7,0.73,1.04,1.17,0.88,8.51,0.1671428571428571,0.9615384615384616,6.16,5.109999999999999,9.9567,3.6867634065934074,2
2025-01-01 00:07:35,Z1,4,0.44,1.48,0.72,0.5,5.55,0.18,0.6756756756756757,2.0,1.76,3.996,1.4077351351351353,1
2025-01-01 00:07:35,Z2,1,0.1,1.9,0.26,0.19,1.91,0.26,0.5263157894736842,0.19,0.1,0.4966,0.2784231578947368,0
2025-01-01 00:07:35,Z3,4,0.35,1.39,0.66,0.5,6.42,0.165,0.7194244604316548,2.0,1.4,4.2372000000000005,1.328854892086331,1
2025-01-01 00:07:35,Z4,7,0.73,0.87,1.21,0.71,8.95,0.1728571428571428,1.1494252873563218,4.97,5.109999999999999,10.8295,3.63454934318555,2
2025-01-01 00:07:40,Z1,10,1.0,0.43,1.76,1.0,13.56,0.176,2.3255813953488373,10.0,10.0,23.8656,7.395676279069767,2
2025-01-01 00:07:40,Z2,6,0.62,1.01,1.01,0.67,8.05,0.1683333333333333,0.99009900990099,4.0200000000000005,3.72,8.130500000000001,2.772153135313532,2
2025-01-01 00:07:40,Z3,2,0.23,1.76,0.54,0.34,3.94,0.27,0.5681818181818182,0.68,0.46,2.1276,0.6338963636363637,0
2025-01-01 00:07:40,Z4,0,0.02,1.99,0.04,0.08,0.76,0.04,0.5025125628140703,0.0,0.0,0.0304,0.113542512562814,0
2025-01-01 00:07:45,Z1,5,0.5,1.16,0.92,0.54,6.81,0.184,0.8620689655172414,2.7,2.5,6.2652,1.9999337931034489,1
2025-01-01 00:07:45,Z2,9,0.89,0.58,1.42,0.9,12.32,0.1577777777777777,1.7241379310344829,8.1,8.01,17.4944,5.7517120306513405,2
2025-01-01 00:07:45,Z3,6,0.55,1.13,1.08,0.75,8.9,0.18,0.8849557522123894,4.5,3.3000000000000003,9.612000000000002,2.848191150442478,2
2025-01-01 00:07:45,Z4,1,0.1,1.8,0.26,0.16,2.87,0.26,0.5555555555555556,0.16,0.1,0.7462000000000001,0.3047311111111111,0
2025-01-01 00:07:50,Z1,6,0.58,1.17,1.15,0.66,8.12,0.1916666666666666,0.8547008547008548,3.96,3.4799999999999995,9.338,2.790656837606837,2
2025-01-01 00:07:50,Z2,6,0.62,1.09,1.13,0.7,7.71,0.1883333333333333,0.9174311926605504,4.199999999999999,3.72,8.712299999999999,2.847799571865443,2
2025-01-01 00:07:50,Z3,10,1.0,0.55,1.7,1.0,12.6,0.1699999999999999,1.818181818181818,10.0,10.0,21.42,7.048136363636363,2
2025-01-01 00:07:50,Z4,2,0.18,1.65,0.42,0.31,3.51,0.21,0.6060606060606061,0.62,0.36,1.4742,0.5221321212121212,0
2025-01-01 00:07:55,Z1,10,1.0,0.49,1.71,1.0,13.09,0.1709999999999999,2.0408163265306123,10.0,10.0,22.3839,7.189303265306123,2
2025-01-01 00:07:55,Z2,1,0.08,1.85,0.28,0.18,2.26,0.28,0.5405405405405405,0.18,0.08,0.6328,0.2923881081081081,0
2025-01-01 00:07:55,Z3,8,0.82,0.76,1.24,0.89,11.51,0.155,1.3157894736842106,7.12,6.56,14.2724,4.765147894736842,2
2025-01-01 00:07:55,Z4,4,0.42,1.31,0.61,0.56,6.51,0.1525,0.7633587786259541,2.24,1.68,3.9711,1.427906755725191,0
2025-01-01 00:08:00,Z1,2,0.24,1.72,0.39,0.37,2.41,0.195,0.5813953488372093,0.74,0.48,0.9399,0.5140190697674418,0
2025-01-01 00:08:00,Z2,1,0.11,1.93,0.44,0.18,1.64,0.44,0.5181347150259068,0.18,0.11,0.7215999999999999,0.3457869430051814,0
2025-01-01 00:08:00,Z3,0,-0.02,2.05,0.04,0.04,0.66,0.04,0.4878048780487805,0.0,-0.0,0.0264,0.1102009756097561,0
2025-01-01 00:08:00,Z4,7,0.73,1.0,1.2,0.71,9.3,0.1714285714285714,1.0,4.97,5.109999999999999,11.16,3.637357142857143,2
2025-01-01 00:08:05,Z1,5,0.52,1.27,0.86,0.52,6.75,0.172,0.7874015748031495,2.6,2.6,5.805,1.9509803149606304,1
2025-01-01 00:08:05,Z2,5,0.5,1.16,0.88,0.59,6.93,0.176,0.8620689655172414,2.95,2.5,6.0984,2.0187537931034485,2
2025-01-01 00:08:05,Z3,8,0.8,0.88,1.41,0.83,10.28,0.17625,1.1363636363636365,6.64,6.4,14.494799999999998,4.636815227272727,2
2025-01-01 00:08:05,Z4,4,0.43,1.46,0.75,0.49,5.82,0.1875,0.684931506849315,1.96,1.72,4.365,1.430361301369863,1
2025-01-01 00:08:10,Z1,5,0.51,1.25,0.97,0.7,6.86,0.194,0.8,3.5,2.55,6.6542,2.16392,2
2025-01-01 00:08:10,Z2,4,0.39,1.33,0.62,0.58,5.17,0.155,0.7518796992481203,2.32,1.56,3.2054,1.325665939849624,0
2025-01-01 00:08:10,Z3,7,0.71,0.97,1.06,0.76,9.46,0.1514285714285714,1.0309278350515465,5.32,4.97,10.0276,3.5358027098674523,2
2025-01-01 00:08:10,Z4,10,0.96,0.51,1.64,1.0,13.48,0.1639999999999999,1.96078431372549,10.0,9.6,22.1072,7.023876862745098,2
2025-01-01 00:08:15,Z1,10,1.0,0.44,1.7,1.0,12.81,0.1699999999999999,2.272727272727273,10.0,10.0,21.777,7.174745454545455,2
2025-01-01 00:08:15,Z2,6,0.57,1.03,1.12,0.7,7.34,0.1866666666666666,0.970873786407767,4.199999999999999,3.42,8.2208,2.71892142394822,2
2025-01-01 00:08:15,Z3,6,0.61,1.15,1.01,0.65,8.89,0.1683333333333333,0.8695652173913044,3.9,3.66,8.978900000000001,2.7968863768115946,2
2025-01-01 00:08:15,Z4,6,0.55,1.12,1.06,0.71,8.67,0.1766666666666666,0.8928571428571428,4.26,3.3000000000000003,9.1902,2.7707580952380955,2
2025-01-01 00:08:20,Z1,0,-0.0,1.95,0.04,0.02,0.35,0.04,0.5128205128205129,0.0,-0.0,0.0139999999999999,0.1139641025641025,0
2025-01-01 00:08:20,Z2,4,0.41,1.37,0.71,0.49,6.65,0.1775,0.7299270072992701,1.96,1.64,4.7215,1.448510401459854,1
2025-01-01 00:08:20,Z3,7,0.68,0.92,1.34,0.85,9.03,0.1914285714285714,1.0869565217391304,5.95,4.760000000000001,12.1002,3.795768447204969,2
2025-01-01 00:08:20,Z4,6,0.56,1.08,1.03,0.7,8.64,0.1716666666666666,0.9259259259259258,4.199999999999999,3.3600000000000003,8.8992,2.756021851851852,2
2025-01-01 00:08:25,Z1,10,0.95,0.49,1.78,1.0,13.15,0.178,2.0408163265306123,10.0,9.5,23.407,7.143363265306123,2
2025-01-01 00:08:25,Z2,3,0.35,1.52,0.75,0.34,4.45,0.25,0.6578947368421053,1.02,1.0499999999999998,3.3375000000000004,0.995828947368421,0
2025-01-01 00:08:25,Z3,1,0.12,1.9,0.39,0.1,1.52,0.39,0.5263157894736842,0.1,0.12,0.5928,0.3130431578947368,0
2025-01-01 00:08:25,Z4,10,1.0,0.58,1.56,1.0,13.21,0.156,1.7241379310344829,10.0,10.0,20.6076,6.944587586206897,2
2025-01-01 00:08:30,Z1,9,0.94,0.66,1.63,1.0,11.71,0.1811111111111111,1.5151515151515151,9.0,8.459999999999999,19.0873,6.145038080808081,2
2025-01-01 00:08:30,Z2,6,0.6,1.18,1.09,0.76,7.61,0.1816666666666666,0.8474576271186441,4.5600000000000005,3.6,8.2949,2.8083981920903955,2
2025-01-01 00:08:30,Z3,7,0.72,0.88,1.28,0.85,8.63,0.1828571428571428,1.1363636363636365,5.95,5.04,11.046400000000002,3.782127012987013,2
2025-01-01 00:08:30,Z4,2,0.16,1.72,0.58,0.34,4.24,0.29,0.5813953488372093,0.68,0.32,2.4592,0.6326990697674418,0
2025-01-01 00:08:35,Z1,7,0.73,0.89,1.09,0.72,10.04,0.1557142857142857,1.1235955056179776,5.04,5.109999999999999,10.9436,3.647007672552167,2
2025-01-01 00:08:35,Z2,10,1.0,0.41,1.76,1.0,13.34,0.176,2.4390243902439024,10.0,10.0,23.4784,7.379644878048781,2
2025-01-01 00:08:35,Z3,3,0.29,1.54,0.57,0.42,5.31,0.1899999999999999,0.6493506493506493,1.26,0.8699999999999999,3.0266999999999995,0.9300401298701296,0
2025-01-01 00:08:35,Z4,3,0.26,1.46,0.75,0.44,5.07,0.25,0.684931506849315,1.32,0.78,3.8025,1.011736301369863,0
2025-01-01 00:08:40,Z1,1,0.08,1.78,0.41,0.22,2.79,0.41,0.5617977528089888,0.22,0.08,1.1439,0.3862495505617977,0
2025-01-01 00:08:40,Z2,8,0.8,0.85,1.46,0.98,10.82,0.1825,1.1764705882352942,7.84,6.4,15.7972,4.956639117647058,2
2025-01-01 00:08:40,Z3,2,0.2,1.63,0.54,0.21,3.32,0.27,0.6134969325153374,0.42,0.4,1.7928,0.5524793865030675,0
2025-01-01 00:08:40,Z4,9,0.89,0.64,1.62,1.0,11.83,0.18,1.5625,9.0,8.01,19.1646,6.02696,2
2025-01-01 00:08:45,Z1,3,0.26,1.55,0.73,0.46,4.57,0.2433333333333333,0.6451612903225806,1.38,0.78,3.3361,0.9644755913978496,0
2025-01-01 00:08:45,Z2,10,0.99,0.59,1.55,1.0,13.6,0.155,1.6949152542372885,10.0,9.9,21.08,6.955733050847458,2
2025-01-01 00:08:45,Z3,3,0.34,1.56,0.61,0.46,4.06,0.2033333333333333,0.641025641025641,1.38,1.02,2.4766,0.9396984615384616,0
2025-01-01 00:08:45,Z4,5,0.47,1.23,0.77,0.56,7.89,0.154,0.8130081300813008,2.8000000000000003,2.35,6.0753,1.9336316260162605,2
2025-01-01 00:08:50,Z1,9,0.94,0.56,1.46,0.93,11.44,0.1622222222222222,1.7857142857142856,8.370000000000001,8.459999999999999,16.702399999999997,5.861438412698412,2
2025-01-01 00:08:50,Z2,3,0.28,1.51,0.48,0.35,4.74,0.16,0.6622516556291391,1.0499999999999998,0.8400000000000001,2.2752,0.8094703311258278,0
2025-01-01 00:08:50,Z3,3,0.26,1.54,0.53,0.4,3.87,0.1766666666666666,0.6493506493506493,1.2000000000000002,0.78,2.0511000000000004,0.7931467965367966,0
2025-01-01 00:08:50,Z4,1,0.08,1.93,0.25,0.18,2.94,0.25,0.5181347150259068,0.18,0.08,0.735,0.2906269430051813,0
2025-01-01 00:08:55,Z1,1,0.14,1.84,0.26,0.27,2.14,0.26,0.5434782608695652,0.27,0.14,0.5564,0.311835652173913,0
2025-01-01 00:08:55,Z2,0,-0.01,1.91,0.11,0.1,0.69,0.11,0.5235602094240838,0.0,-0.0,0.0759,0.1398020418848167,0
2025-01-01 00:08:55,Z3,8,0.81,0.75,1.22,0.94,9.88,0.1525,1.3333333333333333,7.52,6.48,12.0536,4.582151666666666,2
2025-01-01 00:08:55,Z4,7,0.71,0.99,1.12,0.76,10.01,0.16,1.0101010101010102,5.32,4.97,11.211200000000002,3.6521402020202025,2
2025-01-01 00:09:00,Z1,0,0.04,1.98,0.05,0.03,1.27,0.05,0.5050505050505051,0.0,0.0,0.0635,0.119860101010101,0
2025-01-01 00:09:00,Z2,1,0.11,1.8,0.35,0.2,1.39,0.35,0.5555555555555556,0.2,0.11,0.4864999999999999,0.3102611111111111,0
2025-01-01 00:09:00,Z3,10,1.0,0.56,1.71,1.0,13.74,0.1709999999999999,1.7857142857142856,10.0,10.0,23.4954,7.249432857142858,2
2025-01-01 00:09:00,Z4,3,0.28,1.58,0.6,0.31,5.23,0.1999999999999999,0.6329113924050632,0.93,0.8400000000000001,3.1380000000000003,0.8818822784810126,0
2025-01-01 00:09:05,Z1,1,0.13,1.88,0.4,0.27,3.08,0.4,0.5319148936170213,0.27,0.13,1.2320000000000002,0.4090829787234042,0
2025-01-01 00:09:05,Z2,6,0.57,1.17,1.19,0.73,9.01,0.1983333333333333,0.8547008547008548,4.38,3.42,10.7219,2.975713504273504,2
2025-01-01 00:09:05,Z3,0,0.01,1.96,0.15,0.13,0.31,0.15,0.5102040816326531,0.0,0.0,0.0465,0.1441908163265306,0
2025-01-01 00:09:05,Z4,9,0.88,0.68,1.62,0.95,12.21,0.18,1.4705882352941175,8.549999999999999,7.92,19.780200000000004,5.975637647058823,2
2025-01-01 00:09:10,Z1,9,0.87,0.68,1.61,0.94,11.12,0.1788888888888889,1.4705882352941175,8.459999999999999,7.83,17.9032,5.747159869281045,2
2025-01-01 00:09:10,Z2,7,0.67,0.94,1.12,0.72,10.36,0.16,1.0638297872340423,5.04,4.69,11.6032,3.576085957446809,2
2025-01-01 00:09:10,Z3,0,0.01,1.91,0.19,0.01,1.57,0.19,0.5235602094240838,0.0,0.0,0.2983,0.1820420418848167,0
2025-01-01 00:09:10,Z4,0,-0.02,1.95,0.17,0.17,1.36,0.17,0.5128205128205129,0.0,-0.0,0.2312,0.1681841025641026,0
2025-01-01 00:09:15,Z1,3,0.28,1.62,0.5,0.42,4.69,0.1666666666666666,0.6172839506172839,1.26,0.8400000000000001,2.345,0.8406234567901235,0
2025-01-01 00:09:15,Z2,9,0.88,0.58,1.47,0.96,11.97,0.1633333333333333,1.7241379310344829,8.64,7.92,17.5959,5.81725091954023,2
2025-01-01 00:09:15,Z3,6,0.63,1.2,1.16,0.67,8.78,0.1933333333333333,0.8333333333333334,4.0200000000000005,3.78,10.1848,2.97048,2
2025-01-01 00:09:15,Z4,7,0.67,0.99,1.11,0.88,9.15,0.1585714285714285,1.0101010101010102,6.16,4.69,10.1565,3.5883130591630588,2
2025-01-01 00:09:20,Z1,5,0.52,1.2,0.82,0.64,6.21,0.1639999999999999,0.8333333333333334,3.2,2.6,5.0922,1.976886666666667,2
2025-01-01 00:09:20,Z2,0,0.05,2.05,0.28,0.1,0.69,0.28,0.4878048780487805,0.0,0.0,0.1932,0.1868809756097561,0
2025-01-01 00:09:20,Z3,10,1.0,0.52,1.79,1.0,13.81,0.179,1.923076923076923,10.0,10.0,24.719900000000003,7.4013553846153854,2
2025-01-01 00:09:20,Z4,9,0.91,0.56,1.53,1.0,12.43,0.17,1.7857142857142856,9.0,8.19,19.0179,6.108432857142857,2
2025-01-01 00:09:25,Z1,0,0.03,1.94,0.29,0.07,1.06,0.29,0.5154639175257733,0.0,0.0,0.3074,0.2063327835051546,0
2025-01-01 00:09:25,Z2,0,0.0,1.91,0.17,0.12,0.18,0.17,0.5235602094240838,0.0,0.0,0.0306,0.1502720418848167,0
2025-01-01 00:09:25,Z3,6,0.61,1.08,1.01,0.66,7.95,0.1683333333333333,0.9259259259259258,3.96,3.66,8.0295,2.7222185185185186,2
2025-01-01 00:09:25,Z4,0,0.01,1.9,0.19,0.06,1.99,0.19,0.5263157894736842,0.0,0.0,0.3781,0.1905731578947368,0
2025-01-01 00:09:30,Z1,1,0.13,1.87,0.16,0.28,1.59,0.16,0.53475935828877,0.28,0.13,0.2544,0.253391871657754,0
2025-01-01 00:09:30,Z2,10,0.99,0.53,1.67,1.0,13.07,0.1669999999999999,1.8867924528301885,10.0,9.9,21.8269,7.071798490566038,2
2025-01-01 00:09:30,Z3,4,0.42,1.37,0.75,0.42,5.6,0.1875,0.7299270072992701,1.68,1.68,4.199999999999999,1.368860401459854,1
2025-01-01 00:09:30,Z4,2,0.16,1.76,0.37,0.21,4.17,0.185,0.5681818181818182,0.42,0.32,1.5429,0.4731763636363636,0
2025-01-01 00:09:35,Z1,10,0.99,0.49,1.72,1.0,13.55,0.172,2.0408163265306123,10.0,9.9,23.306,7.251763265306122,2
2025-01-01 00:09:35,Z2,9,0.89,0.65,1.51,0.91,11.08,0.1677777777777777,1.5384615384615383,8.19,8.01,16.7308,5.654216752136752,2
2025-01-01 00:09:35,Z3,0,-0.05,2.09,0.28,0.04,0.42,0.28,0.4784688995215311,0.0,-0.0,0.1176,0.1774537799043062,0
2025-01-01 00:09:35,Z4,8,0.82,0.81,1.47,0.89,9.74,0.18375,1.2345679012345678,7.12,6.56,14.3178,4.760631080246914,2
2025-01-01 00:09:40,Z1,4,0.42,1.49,0.61,0.43,4.82,0.1525,0.6711409395973155,1.72,1.68,2.9402,1.228373187919463,1
2025-01-01 00:09:40,Z2,1,0.14,1.75,0.31,0.27,2.37,0.31,0.5714285714285714,0.27,0.14,0.7347,0.3477557142857143,0
2025-01-01 00:09:40,Z3,2,0.19,1.66,0.4,0.4,3.59,0.2,0.6024096385542169,0.8,0.38,1.436,0.5480819277108433,0
2025-01-01 00:09:40,Z4,9,0.95,0.68,1.46,1.0,11.98,0.1622222222222222,1.4705882352941175,9.0,8.549999999999999,17.4908,5.998753202614378,2
2025-01-01 00:09:45,Z1,0,-0.02,1.99,0.13,0.04,1.39,0.13,0.5025125628140703,0.0,-0.0,0.1807,0.151072512562814,0
2025-01-01 00:09:45,Z2,2,0.23,1.72,0.55,0.23,3.32,0.275,0.5813953488372093,0.46,0.46,1.826,0.5746290697674419,0
2025-01-01 00:09:45,Z3,8,0.78,0.87,1.33,0.82,11.13,0.16625,1.1494252873563218,6.56,6.24,14.8029,4.607737557471264,2
2025-01-01 00:09:45,Z4,9,0.92,0.72,1.44,0.91,12.49,0.16,1.3888888888888888,8.19,8.280000000000001,17.985599999999998,5.828837777777778,2
2025-01-01 00:09:50,Z1,5,0.54,1.22,0.99,0.66,6.8,0.198,0.819672131147541,3.3000000000000003,2.7,6.732,2.191634426229508,2
2025-01-01 00:09:50,Z2,3,0.31,1.51,0.56,0.38,5.12,0.1866666666666666,0.6622516556291391,1.14,0.93,2.8672000000000004,0.9158369977924944,0
2025-01-01 00:09:50,Z3,5,0.46,1.29,0.9,0.64,7.56,0.18,0.7751937984496123,3.2,2.3000000000000003,6.803999999999999,2.0504387596899227,2
2025-01-01 00:09:50,Z4,8,0.81,0.78,1.21,0.99,10.64,0.15125,1.282051282051282,7.92,6.48,12.8744,4.713662756410256,2
2025-01-01 00:09:55,Z1,5,0.51,1.28,1.05,0.68,6.75,0.21,0.78125,3.4000000000000004,2.55,7.0875,2.1925,2
2025-01-01 00:09:55,Z2,3,0.31,1.55,0.5,0.3,3.65,0.1666666666666666,0.6451612903225806,0.8999999999999999,0.93,1.825,0.7671989247311828,0
2025-01-01 00:09:55,Z3,7,0.75,0.92,1.33,0.81,8.65,0.19,1.0869565217391304,5.67,5.25,11.504500000000002,3.840841304347826,2
2025-01-01 00:09:55,Z4,4,0.44,1.47,0.82,0.54,5.16,0.205,0.6802721088435374,2.16,1.76,4.2312,1.4624244217687077,1
2025-01-01 00:10:00,Z1,9,0.94,0.61,1.57,0.9,11.64,0.1744444444444444,1.639344262295082,8.1,8.459999999999999,18.274800000000003,5.951959963570128,2
2025-01-01 00:10:00,Z2,3,0.26,1.46,0.64,0.31,5.06,0.2133333333333333,0.684931506849315,0.93,0.78,3.2384,0.8876596347031963,0
2025-01-01 00:10:00,Z3,0,-0.03,2.09,0.08,0.01,1.83,0.08,0.4784688995215311,0.0,-0.0,0.1464,0.1303337799043062,0
2025-01-01 00:10:00,Z4,8,0.8,0.76,1.47,1.0,11.46,0.18375,1.3157894736842106,8.0,6.4,16.8462,5.1137153947368414,2
2025-01-01 00:10:05,Z1,4,0.44,1.32,0.67,0.49,4.91,0.1675,0.7575757575757576,1.96,1.76,3.2897000000000003,1.3443601515151515,1
2025-01-01 00:10:05,Z2,6,0.64,1.13,1.06,0.65,9.14,0.1766666666666666,0.8849557522123894,3.9,3.84,9.6884,2.926997817109145,2
2025-01-01 00:10:05,Z3,10,0.99,0.6,1.74,1.0,13.65,0.174,1.6666666666666667,10.0,9.9,23.751,7.221933333333334,2
2025-01-01 00:10:05,Z4,10,0.99,0.4,1.54,1.0,12.66,0.154,2.5,10.0,9.9,19.4964,6.95814,2
2025-01-01 00:10:10,Z1,6,0.61,1.19,1.11,0.77,8.45,0.185,0.8403361344537815,4.62,3.66,9.3795,2.9432672268907565,2
2025-01-01 00:10:10,Z2,7,0.72,0.94,1.07,0.78,9.46,0.1528571428571428,1.0638297872340423,5.46,5.04,10.1222,3.5942002431610947,2
2025-01-01 00:10:10,Z3,10,0.95,0.52,1.62,1.0,13.44,0.162,1.923076923076923,10.0,9.5,21.7728,6.952395384615384,2
2025-01-01 00:10:10,Z4,5,0.46,1.19,0.92,0.59,6.36,0.184,0.8403361344537815,2.95,2.3000000000000003,5.8512,1.9316872268907563,2
2025-01-01 00:10:15,Z1,5,0.45,1.3,0.97,0.56,6.03,0.194,0.7692307692307692,2.8000000000000003,2.25,5.8491,1.8822561538461535,2
2025-01-01 00:10:15,Z2,5,0.53,1.34,0.95,0.58,7.47,0.19,0.7462686567164178,2.9,2.6500000000000004,7.0965,2.136403731343284,2
2025-01-01 00:10:15,Z3,0,-0.01,2.09,0.03,0.06,1.34,0.03,0.4784688995215311,0.0,-0.0,0.0402,0.1072137799043062,0
2025-01-01 00:10:15,Z4,5,0.49,1.25,0.86,0.58,7.54,0.172,0.8,2.9,2.45,6.4844,2.02144,2
2025-01-01 00:10:20,Z1,6,0.62,1.11,1.16,0.63,8.21,0.1933333333333333,0.9009009009009008,3.78,3.72,9.5236,2.8638735135135134,2
2025-01-01 00:10:20,Z2,6,0.57,1.07,0.95,0.61,7.87,0.1583333333333333,0.9345794392523364,3.66,3.42,7.4765,2.549149221183801,2
2025-01-01 00:10:20,Z3,5,0.46,1.2,1.04,0.65,7.18,0.208,0.8333333333333334,3.25,2.3000000000000003,7.4672,2.1428866666666666,2
2025-01-01 00:10:20,Z4,8,0.77,0.87,1.47,0.99,10.28,0.18375,1.1494252873563218,7.92,6.16,15.1116,4.822982557471264,2
